{
  "display": {
    "icon": {
      "item": "minecraft:hay_block"
    },
    "title": "And the Caravans and Bees",
    "description": "While riding the Camel with a Villager, Lead the Llama with a Villager riding on it.",
    "frame": "task",
    "show_toast": true,
    "announce_to_chat": true,
    "hidden": false
  },
  "parent": "minecraft:husbandry/ride_a_camel_with_a_villager",
  "criteria": {
    "lead_llama_with_a_villager": {
      "trigger": "minecraft:player_interacted_with_entity",
      "conditions": {
        "player": {
          "vehicle": {
            "type": "minecraft:camel",
            "passenger": {
              "type": "#travel:villagers"
            }
          }
        },
        "item": {
          "items": [
            "minecraft:lead"
          ],
          "count": 1
        },
        "entity": [
          {
            "condition": "minecraft:entity_properties",
            "entity": "this",
            "predicate": {
              "type": "#travel:llamas",
              "passenger": {
                "type": "#travel:villagers"
              }
            }
          }
        ]
      }
    }
  },
  "requirements": [
    [
      "lead_llama_with_a_villager"
    ]
  ],
  "sends_telemetry_event": true
}
