{
  "display": {
    "icon": {
      "item": "minecraft:saddle"
    },
    "title": {
      "text": "Camel Long with Me"
    },
    "description": {
      "text": "Ride a Camel near a Villager to ride along with you"
    },
    "frame": "task",
    "show_toast": true,
    "announce_to_chat": true,
    "hidden": false
  },
  "parent": "minecraft:husbandry/root",
  "criteria": {
    "ride_a_camel_with_a_villager": {
      "trigger": "minecraft:started_riding",
      "conditions": {
        "player": [
          {
            "condition": "minecraft:entity_properties",
            "entity": "this",
            "predicate": {
              "vehicle": {
                "type": "minecraft:camel",
                "passenger": {
                  "type": "#travel:villagers"
                }
              }
            }
          }
        ]
      }
    }
  },
  "requirements": [
    [
      "ride_a_camel_with_a_villager"
    ]
  ],
  "sends_telemetry_event": true
}