{
  "parent": "minecraft:recipes/root",
  "criteria": {
    "has_pearlescent_recipe": {
      "trigger": "minecraft:recipe_unlocked",
      "conditions": {
        "recipe": "craftable_froglights:pearlescent_froglight"
      }
    },
    "has_verdant_recipe": {
      "trigger": "minecraft:recipe_unlocked",
      "conditions": {
        "recipe": "craftable_froglights:verdant_froglight"
      }
    },
    "has_ochre_recipe": {
      "trigger": "minecraft:recipe_unlocked",
      "conditions": {
        "recipe": "craftable_froglights:ochre_froglight"
      }
    },
    "has_glowstone": {
      "trigger": "minecraft:inventory_changed",
      "conditions": {
        "items": [
          {
            "items": [
              "minecraft:glowstone"
            ]
          }
        ]
      }
    }
  },
  "requirements": [
    [
      "has_verdant_recipe",
      "has_ochre_recipe",
      "has_pearlescent_recipe",
      "has_glowstone"
    ]
  ],
  "rewards": {
    "recipes": [
      "craftable_froglights:verdant_froglight",
      "craftable_froglights:ochre_froglight",
      "craftable_froglights:pearlescent_froglight"
    ]
  }
}
