{
  "type": "minecraft:crafting_shaped",
  "pattern": [
      " # ",
      "WEO",
      " P "
  ],
  "key": {
      "#": {
          "item": "minecraft:oak_sapling"
      },
      "W": {
          "item": "minecraft:white_tulip"
      },
      "E": {
          "item": "minecraft:egg"
      },
      "O": {
          "item": "minecraft:orange_dye"
      },
      "P": {
          "item": "minecraft:pufferfish_bucket"
      }
  },
  "result": {
      "item": "minecraft:wandering_trader_spawn_egg",
      "count": 1
  }
}