{
  "parent": "minecraft:recipes/root",
  "criteria": {
    "has_the_recipe": {
      "trigger": "minecraft:recipe_unlocked",
      "conditions": {
        "recipe": "craftable_gunpowder:gunpowder"
      }
    },
    "has_charcoal": {
      "trigger": "minecraft:inventory_changed",
      "conditions": {
        "items": [
          {
            "items": "minecraft:charcoal"
          }
        ]
      }
    },
    "has_sand": {
      "trigger": "minecraft:inventory_changed",
      "conditions": {
        "items": [
          {
            "items": "#minecraft:sand"
          }
        ]
      }
    }
  },
  "requirements": [
    [
      "has_the_recipe",
      "has_charcoal",
      "has_sand"
    ]
  ],
  "rewards": {
    "recipes": [
      "craftable_gunpowder:gunpowder"
    ]
  }
}
