{
    "type": "minecraft:crafting_shaped",
    "pattern": [
        "#G#",
        "YEP",
        "#B#"
    ],
    "key": {
        "#": {
            "item": "minecraft:emerald"
        },
        "G": {
            "item": "minecraft:glass_bottle"
        },
        "Y": {
            "item": "minecraft:golden_carrot"
        },
        "E": {
            "item": "minecraft:egg"
        },
        "P": {
            "item": "minecraft:glistering_melon_slice"
        },
        "B": {
            "item": "minecraft:book"
        }
    },
    "result": {
        "id": "minecraft:villager_spawn_egg",
        "count": 1
    }
}