{
    "display": {
      "icon": {
        "id": "minecraft:stone"
      },
      "title": "",
      "description": "",
      "announce_to_chat": false,
      "hidden": true
    },
    "criteria": {
      "requirement": {
        "trigger": "minecraft:player_hurt_entity",
        "conditions": {
          "entity": {
            "type": "minecraft:dolphin"
          }
        }
      }
    },
    "rewards": {
      "function": "att:foodchain/dolphin/player/angry"
    }
  }
  